{
    "$schema": "https://schema.management.azure.com/schemas/2015-01-01/deploymentParameters.json#",
    "contentVersion": "1.0.0.0",
    "parameters": {
        "location": {
            "value": "westeurope"
        },
        "networkInterfaceName": {
            "value": "terrafy-test903"
        },
        "enableAcceleratedNetworking": {
            "value": true
        },
        "networkSecurityGroupName": {
            "value": "terrafy-test-nsg"
        },
        "networkSecurityGroupRules": {
            "value": [
                {
                    "name": "SSH",
                    "properties": {
                        "priority": 300,
                        "protocol": "TCP",
                        "access": "Allow",
                        "direction": "Inbound",
                        "sourceAddressPrefix": "*",
                        "sourcePortRange": "*",
                        "destinationAddressPrefix": "*",
                        "destinationPortRange": "22"
                    }
                },
                {
                    "name": "HTTP",
                    "properties": {
                        "priority": 320,
                        "protocol": "TCP",
                        "access": "Allow",
                        "direction": "Inbound",
                        "sourceAddressPrefix": "*",
                        "sourcePortRange": "*",
                        "destinationAddressPrefix": "*",
                        "destinationPortRange": "80"
                    }
                },
                {
                    "name": "HTTPS",
                    "properties": {
                        "priority": 340,
                        "protocol": "TCP",
                        "access": "Allow",
                        "direction": "Inbound",
                        "sourceAddressPrefix": "*",
                        "sourcePortRange": "*",
                        "destinationAddressPrefix": "*",
                        "destinationPortRange": "443"
                    }
                }
            ]
        },
        "subnetName": {
            "value": "default"
        },
        "virtualNetworkName": {
            "value": "terrafy-test-vnet"
        },
        "addressPrefixes": {
            "value": [
                "10.0.0.0/16"
            ]
        },
        "subnets": {
            "value": [
                {
                    "name": "default",
                    "properties": {
                        "addressPrefix": "10.0.0.0/24"
                    }
                }
            ]
        },
        "publicIpAddressName": {
            "value": "terrafy-test-ip"
        },
        "publicIpAddressType": {
            "value": "Dynamic"
        },
        "publicIpAddressSku": {
            "value": "Basic"
        },
        "pipDeleteOption": {
            "value": "Detach"
        },
        "virtualMachineName": {
            "value": "terrafy-test"
        },
        "virtualMachineComputerName": {
            "value": "terrafy-test"
        },
        "virtualMachineRG": {
            "value": "terrafy-test"
        },
        "osDiskType": {
            "value": "Premium_LRS"
        },
        "osDiskDeleteOption": {
            "value": "Delete"
        },
        "dataDisks": {
            "value": [
                {
                    "lun": 0,
                    "createOption": "attach",
                    "deleteOption": "Delete",
                    "caching": "ReadOnly",
                    "writeAcceleratorEnabled": false,
                    "id": null,
                    "name": "terrafy-test_DataDisk_0",
                    "storageAccountType": null,
                    "diskSizeGB": null,
                    "diskEncryptionSet": null
                }
            ]
        },
        "dataDiskResources": {
            "value": [
                {
                    "name": "terrafy-test_DataDisk_0",
                    "sku": "StandardSSD_LRS",
                    "properties": {
                        "diskSizeGB": 4,
                        "creationData": {
                            "createOption": "empty"
                        }
                    }
                }
            ]
        },
        "virtualMachineSize": {
            "value": "Standard_DS1_v2"
        },
        "nicDeleteOption": {
            "value": "Detach"
        },
        "adminUsername": {
            "value": "azureuser"
        }
    }
}